group,branch,planned_n,completed_n,first_correct,first_accuracy,correct,accuracy,corrected,harmed,uncertain,invalid,run_failed
100_0002,A,22,22,12,0.545455,12,0.545455,0,0,0,0,0
100_0002,B,22,22,12,0.545455,16,0.727273,6,2,0,0,0
100_0002,C,22,22,12,0.545455,18,0.818182,7,1,0,0,0
100_0003,A,21,21,17,0.809524,17,0.809524,0,0,0,0,0
100_0003,B,21,21,17,0.809524,19,0.904762,4,2,1,0,0
100_0003,C,21,21,17,0.809524,17,0.809524,3,3,3,0,0
100_0004,A,23,23,17,0.73913,17,0.73913,0,0,0,0,0
100_0004,B,23,23,17,0.73913,20,0.869565,3,0,0,0,0
100_0004,C,23,23,17,0.73913,18,0.782609,3,2,2,0,0
100_0042,A,21,21,17,0.809524,17,0.809524,0,0,0,0,0
100_0042,B,21,21,17,0.809524,13,0.619048,2,6,2,0,0
100_0042,C,21,21,17,0.809524,13,0.619048,2,6,0,0,0
100_0043,A,20,20,13,0.65,13,0.65,0,0,0,0,0
100_0043,B,20,20,13,0.65,12,0.6,6,7,6,0,0
100_0043,C,20,20,13,0.65,17,0.85,7,3,2,0,0
