sample_id,sequence_id,scene_group_id,truth,first_answer,first_status,first_correct,A_answer,A_status,A_correct,A_transition,B_answer,B_status,B_correct,B_transition,C_answer,C_status,C_correct,C_transition
100_0002_r01,100_0002,Agamim_100_0002,yes,yes,ok,1,yes,ok,1,unchanged,yes,ok,1,unchanged,yes,ok,1,unchanged
100_0002_r02,100_0002,Agamim_100_0002,yes,yes,ok,1,yes,ok,1,unchanged,yes,ok,1,unchanged,yes,ok,1,unchanged
100_0002_r03,100_0002,Agamim_100_0002,no,yes,ok,0,yes,ok,0,unchanged,yes,ok,0,unchanged,yes,ok,0,unchanged
100_0002_r04,100_0002,Agamim_100_0002,yes,yes,ok,1,yes,ok,1,unchanged,yes,ok,1,unchanged,yes,ok,1,unchanged
100_0002_r05,100_0002,Agamim_100_0002,yes,yes,ok,1,yes,ok,1,unchanged,no,ok,0,harmed,no,ok,0,harmed
100_0002_r07,100_0002,Agamim_100_0002,yes,yes,ok,1,yes,ok,1,unchanged,yes,ok,1,unchanged,yes,ok,1,unchanged
100_0002_r08,100_0002,Agamim_100_0002,yes,yes,ok,1,yes,ok,1,unchanged,yes,ok,1,unchanged,yes,ok,1,unchanged
100_0002_r09,100_0002,Agamim_100_0002,no,yes,ok,0,yes,ok,0,unchanged,yes,ok,0,unchanged,yes,ok,0,unchanged
100_0002_r10,100_0002,Agamim_100_0002,yes,yes,ok,1,yes,ok,1,unchanged,yes,ok,1,unchanged,yes,ok,1,unchanged
100_0002_r11,100_0002,Agamim_100_0002,yes,yes,ok,1,yes,ok,1,unchanged,yes,ok,1,unchanged,yes,ok,1,unchanged
100_0002_r12,100_0002,Agamim_100_0002,yes,yes,ok,1,yes,ok,1,unchanged,yes,ok,1,unchanged,yes,ok,1,unchanged
100_0002_r13,100_0002,Agamim_100_0002,no,yes,ok,0,yes,ok,0,unchanged,no,ok,1,corrected,no,ok,1,corrected
100_0002_r14,100_0002,Agamim_100_0002,no,yes,ok,0,yes,ok,0,unchanged,yes,ok,0,unchanged,no,ok,1,corrected
100_0002_r15,100_0002,Agamim_100_0002,no,no,ok,1,no,ok,1,unchanged,yes,ok,0,harmed,no,ok,1,unchanged
100_0002_r17,100_0002,Agamim_100_0002,no,no,ok,1,no,ok,1,unchanged,no,ok,1,unchanged,no,ok,1,unchanged
100_0002_r18,100_0002,Agamim_100_0002,yes,yes,ok,1,yes,ok,1,unchanged,yes,ok,1,unchanged,yes,ok,1,unchanged
100_0002_r19,100_0002,Agamim_100_0002,no,yes,ok,0,yes,ok,0,unchanged,yes,ok,0,unchanged,yes,ok,0,unchanged
100_0002_r20,100_0002,Agamim_100_0002,no,yes,ok,0,yes,ok,0,unchanged,no,ok,1,corrected,no,ok,1,corrected
100_0002_r21,100_0002,Agamim_100_0002,no,yes,ok,0,yes,ok,0,unchanged,no,ok,1,corrected,no,ok,1,corrected
100_0002_r22,100_0002,Agamim_100_0002,no,yes,ok,0,yes,ok,0,unchanged,no,ok,1,corrected,no,ok,1,corrected
100_0002_r23,100_0002,Agamim_100_0002,no,yes,ok,0,yes,ok,0,unchanged,no,ok,1,corrected,no,ok,1,corrected
100_0002_r24,100_0002,Agamim_100_0002,no,yes,ok,0,yes,ok,0,unchanged,no,ok,1,corrected,no,ok,1,corrected
100_0003_r01,100_0003,Agamim_100_0003,yes,yes,ok,1,yes,ok,1,unchanged,yes,ok,1,unchanged,yes,ok,1,unchanged
100_0003_r03,100_0003,Agamim_100_0003,no,yes,ok,0,yes,ok,0,unchanged,no,ok,1,corrected,no,ok,1,corrected
100_0003_r04,100_0003,Agamim_100_0003,no,yes,ok,0,yes,ok,0,unchanged,no,ok,1,corrected,uncertain,ok,0,unchanged
100_0003_r05,100_0003,Agamim_100_0003,yes,yes,ok,1,yes,ok,1,unchanged,yes,ok,1,unchanged,yes,ok,1,unchanged
100_0003_r06,100_0003,Agamim_100_0003,yes,yes,ok,1,yes,ok,1,unchanged,yes,ok,1,unchanged,yes,ok,1,unchanged
100_0003_r07,100_0003,Agamim_100_0003,yes,yes,ok,1,yes,ok,1,unchanged,yes,ok,1,unchanged,yes,ok,1,unchanged
100_0003_r08,100_0003,Agamim_100_0003,yes,yes,ok,1,yes,ok,1,unchanged,yes,ok,1,unchanged,yes,ok,1,unchanged
100_0003_r09,100_0003,Agamim_100_0003,yes,yes,ok,1,yes,ok,1,unchanged,no,ok,0,harmed,no,ok,0,harmed
100_0003_r10,100_0003,Agamim_100_0003,no,yes,ok,0,yes,ok,0,unchanged,no,ok,1,corrected,no,ok,1,corrected
100_0003_r11,100_0003,Agamim_100_0003,yes,yes,ok,1,yes,ok,1,unchanged,yes,ok,1,unchanged,yes,ok,1,unchanged
100_0003_r12,100_0003,Agamim_100_0003,yes,yes,ok,1,yes,ok,1,unchanged,yes,ok,1,unchanged,yes,ok,1,unchanged
100_0003_r13,100_0003,Agamim_100_0003,no,no,ok,1,no,ok,1,unchanged,uncertain,ok,0,harmed,uncertain,ok,0,harmed
100_0003_r15,100_0003,Agamim_100_0003,yes,yes,ok,1,yes,ok,1,unchanged,yes,ok,1,unchanged,yes,ok,1,unchanged
100_0003_r17,100_0003,Agamim_100_0003,yes,yes,ok,1,yes,ok,1,unchanged,yes,ok,1,unchanged,yes,ok,1,unchanged
100_0003_r18,100_0003,Agamim_100_0003,yes,yes,ok,1,yes,ok,1,unchanged,yes,ok,1,unchanged,yes,ok,1,unchanged
100_0003_r19,100_0003,Agamim_100_0003,no,no,ok,1,no,ok,1,unchanged,no,ok,1,unchanged,uncertain,ok,0,harmed
100_0003_r20,100_0003,Agamim_100_0003,no,yes,ok,0,yes,ok,0,unchanged,no,ok,1,corrected,no,ok,1,corrected
100_0003_r21,100_0003,Agamim_100_0003,yes,yes,ok,1,yes,ok,1,unchanged,yes,ok,1,unchanged,yes,ok,1,unchanged
100_0003_r22,100_0003,Agamim_100_0003,yes,yes,ok,1,yes,ok,1,unchanged,yes,ok,1,unchanged,yes,ok,1,unchanged
100_0003_r23,100_0003,Agamim_100_0003,yes,yes,ok,1,yes,ok,1,unchanged,yes,ok,1,unchanged,yes,ok,1,unchanged
100_0003_r24,100_0003,Agamim_100_0003,yes,yes,ok,1,yes,ok,1,unchanged,yes,ok,1,unchanged,yes,ok,1,unchanged
100_0004_r01,100_0004,Agamim_100_0004,yes,yes,ok,1,yes,ok,1,unchanged,yes,ok,1,unchanged,yes,ok,1,unchanged
100_0004_r02,100_0004,Agamim_100_0004,yes,yes,ok,1,yes,ok,1,unchanged,yes,ok,1,unchanged,yes,ok,1,unchanged
100_0004_r03,100_0004,Agamim_100_0004,yes,yes,ok,1,yes,ok,1,unchanged,yes,ok,1,unchanged,yes,ok,1,unchanged
100_0004_r04,100_0004,Agamim_100_0004,yes,yes,ok,1,yes,ok,1,unchanged,yes,ok,1,unchanged,yes,ok,1,unchanged
100_0004_r05,100_0004,Agamim_100_0004,yes,yes,ok,1,yes,ok,1,unchanged,yes,ok,1,unchanged,yes,ok,1,unchanged
100_0004_r06,100_0004,Agamim_100_0004,yes,yes,ok,1,yes,ok,1,unchanged,yes,ok,1,unchanged,yes,ok,1,unchanged
100_0004_r07,100_0004,Agamim_100_0004,no,yes,ok,0,yes,ok,0,unchanged,no,ok,1,corrected,no,ok,1,corrected
100_0004_r08,100_0004,Agamim_100_0004,no,no,ok,1,no,ok,1,unchanged,no,ok,1,unchanged,no,ok,1,unchanged
100_0004_r09,100_0004,Agamim_100_0004,no,no,ok,1,no,ok,1,unchanged,no,ok,1,unchanged,no,ok,1,unchanged
100_0004_r10,100_0004,Agamim_100_0004,no,no,ok,1,no,ok,1,unchanged,no,ok,1,unchanged,no,ok,1,unchanged
100_0004_r11,100_0004,Agamim_100_0004,no,no,ok,1,no,ok,1,unchanged,no,ok,1,unchanged,no,ok,1,unchanged
100_0004_r12,100_0004,Agamim_100_0004,no,no,ok,1,no,ok,1,unchanged,no,ok,1,unchanged,no,ok,1,unchanged
100_0004_r13,100_0004,Agamim_100_0004,no,yes,ok,0,yes,ok,0,unchanged,no,ok,1,corrected,no,ok,1,corrected
100_0004_r14,100_0004,Agamim_100_0004,no,yes,ok,0,yes,ok,0,unchanged,yes,ok,0,unchanged,yes,ok,0,unchanged
100_0004_r15,100_0004,Agamim_100_0004,yes,yes,ok,1,yes,ok,1,unchanged,yes,ok,1,unchanged,yes,ok,1,unchanged
100_0004_r16,100_0004,Agamim_100_0004,no,yes,ok,0,yes,ok,0,unchanged,no,ok,1,corrected,no,ok,1,corrected
100_0004_r17,100_0004,Agamim_100_0004,no,no,ok,1,no,ok,1,unchanged,no,ok,1,unchanged,no,ok,1,unchanged
100_0004_r18,100_0004,Agamim_100_0004,yes,no,ok,0,no,ok,0,unchanged,no,ok,0,unchanged,no,ok,0,unchanged
100_0004_r20,100_0004,Agamim_100_0004,no,yes,ok,0,yes,ok,0,unchanged,yes,ok,0,unchanged,yes,ok,0,unchanged
100_0004_r21,100_0004,Agamim_100_0004,yes,yes,ok,1,yes,ok,1,unchanged,yes,ok,1,unchanged,yes,ok,1,unchanged
100_0004_r22,100_0004,Agamim_100_0004,no,no,ok,1,no,ok,1,unchanged,no,ok,1,unchanged,uncertain,ok,0,harmed
100_0004_r23,100_0004,Agamim_100_0004,no,no,ok,1,no,ok,1,unchanged,no,ok,1,unchanged,no,ok,1,unchanged
100_0004_r24,100_0004,Agamim_100_0004,no,no,ok,1,no,ok,1,unchanged,no,ok,1,unchanged,uncertain,ok,0,harmed
100_0006_r02,100_0006,Agamim_100_0006,no,yes,ok,0,yes,ok,0,unchanged,no,ok,1,corrected,no,ok,1,corrected
100_0006_r03,100_0006,Agamim_100_0006,no,yes,ok,0,yes,ok,0,unchanged,no,ok,1,corrected,no,ok,1,corrected
100_0006_r05,100_0006,Agamim_100_0006,yes,yes,ok,1,yes,ok,1,unchanged,yes,ok,1,unchanged,yes,ok,1,unchanged
100_0006_r06,100_0006,Agamim_100_0006,yes,yes,ok,1,yes,ok,1,unchanged,yes,ok,1,unchanged,yes,ok,1,unchanged
100_0006_r07,100_0006,Agamim_100_0006,yes,yes,ok,1,yes,ok,1,unchanged,yes,ok,1,unchanged,no,ok,0,harmed
100_0006_r08,100_0006,Agamim_100_0006,no,yes,ok,0,yes,ok,0,unchanged,no,ok,1,corrected,no,ok,1,corrected
100_0006_r09,100_0006,Agamim_100_0006,no,yes,ok,0,yes,ok,0,unchanged,no,ok,1,corrected,no,ok,1,corrected
100_0006_r11,100_0006,Agamim_100_0006,yes,yes,ok,1,yes,ok,1,unchanged,yes,ok,1,unchanged,no,ok,0,harmed
100_0006_r12,100_0006,Agamim_100_0006,yes,yes,ok,1,yes,ok,1,unchanged,yes,ok,1,unchanged,yes,ok,1,unchanged
100_0006_r13,100_0006,Agamim_100_0006,no,yes,ok,0,yes,ok,0,unchanged,no,ok,1,corrected,no,ok,1,corrected
100_0006_r14,100_0006,Agamim_100_0006,no,yes,ok,0,yes,ok,0,unchanged,no,ok,1,corrected,no,ok,1,corrected
100_0006_r16,100_0006,Agamim_100_0006,yes,yes,ok,1,yes,ok,1,unchanged,yes,ok,1,unchanged,yes,ok,1,unchanged
100_0006_r17,100_0006,Agamim_100_0006,yes,yes,ok,1,yes,ok,1,unchanged,yes,ok,1,unchanged,yes,ok,1,unchanged
100_0006_r18,100_0006,Agamim_100_0006,yes,yes,ok,1,yes,ok,1,unchanged,yes,ok,1,unchanged,yes,ok,1,unchanged
100_0006_r19,100_0006,Agamim_100_0006,yes,no,ok,0,no,ok,0,unchanged,yes,ok,1,corrected,yes,ok,1,corrected
100_0006_r20,100_0006,Agamim_100_0006,no,yes,ok,0,yes,ok,0,unchanged,no,ok,1,corrected,no,ok,1,corrected
100_0006_r21,100_0006,Agamim_100_0006,yes,yes,ok,1,yes,ok,1,unchanged,yes,ok,1,unchanged,yes,ok,1,unchanged
100_0006_r22,100_0006,Agamim_100_0006,yes,yes,ok,1,yes,ok,1,unchanged,yes,ok,1,unchanged,yes,ok,1,unchanged
100_0006_r23,100_0006,Agamim_100_0006,yes,yes,ok,1,yes,ok,1,unchanged,no,ok,0,harmed,no,ok,0,harmed
100_0006_r24,100_0006,Agamim_100_0006,no,no,ok,1,no,ok,1,unchanged,no,ok,1,unchanged,no,ok,1,unchanged
100_0031_r01,100_0031,Agamim_100_0031,no,yes,ok,0,yes,ok,0,unchanged,yes,ok,0,unchanged,yes,ok,0,unchanged
100_0031_r02,100_0031,Agamim_100_0031,no,no,ok,1,no,ok,1,unchanged,no,ok,1,unchanged,no,ok,1,unchanged
100_0031_r03,100_0031,Agamim_100_0031,yes,yes,ok,1,yes,ok,1,unchanged,yes,ok,1,unchanged,yes,ok,1,unchanged
100_0031_r04,100_0031,Agamim_100_0031,yes,yes,ok,1,yes,ok,1,unchanged,yes,ok,1,unchanged,yes,ok,1,unchanged
100_0031_r05,100_0031,Agamim_100_0031,yes,yes,ok,1,yes,ok,1,unchanged,yes,ok,1,unchanged,yes,ok,1,unchanged
100_0031_r06,100_0031,Agamim_100_0031,yes,yes,ok,1,yes,ok,1,unchanged,yes,ok,1,unchanged,yes,ok,1,unchanged
100_0031_r07,100_0031,Agamim_100_0031,no,no,ok,1,no,ok,1,unchanged,no,ok,1,unchanged,no,ok,1,unchanged
100_0031_r08,100_0031,Agamim_100_0031,no,no,ok,1,no,ok,1,unchanged,no,ok,1,unchanged,no,ok,1,unchanged
100_0031_r09,100_0031,Agamim_100_0031,no,no,ok,1,no,ok,1,unchanged,no,ok,1,unchanged,no,ok,1,unchanged
100_0031_r10,100_0031,Agamim_100_0031,no,no,ok,1,no,ok,1,unchanged,no,ok,1,unchanged,no,ok,1,unchanged
100_0031_r11,100_0031,Agamim_100_0031,no,no,ok,1,no,ok,1,unchanged,no,ok,1,unchanged,no,ok,1,unchanged
100_0031_r12,100_0031,Agamim_100_0031,no,no,ok,1,no,ok,1,unchanged,no,ok,1,unchanged,no,ok,1,unchanged
100_0031_r13,100_0031,Agamim_100_0031,no,no,ok,1,no,ok,1,unchanged,no,ok,1,unchanged,no,ok,1,unchanged
100_0031_r14,100_0031,Agamim_100_0031,no,no,ok,1,no,ok,1,unchanged,no,ok,1,unchanged,no,ok,1,unchanged
100_0031_r15,100_0031,Agamim_100_0031,no,no,ok,1,no,ok,1,unchanged,no,ok,1,unchanged,no,ok,1,unchanged
100_0031_r17,100_0031,Agamim_100_0031,yes,no,ok,0,no,ok,0,unchanged,no,ok,0,unchanged,no,ok,0,unchanged
100_0031_r18,100_0031,Agamim_100_0031,yes,no,ok,0,no,ok,0,unchanged,no,ok,0,unchanged,no,ok,0,unchanged
100_0031_r19,100_0031,Agamim_100_0031,no,no,ok,1,no,ok,1,unchanged,no,ok,1,unchanged,no,ok,1,unchanged
100_0031_r20,100_0031,Agamim_100_0031,no,no,ok,1,no,ok,1,unchanged,no,ok,1,unchanged,no,ok,1,unchanged
100_0031_r21,100_0031,Agamim_100_0031,no,no,ok,1,no,ok,1,unchanged,no,ok,1,unchanged,no,ok,1,unchanged
100_0031_r22,100_0031,Agamim_100_0031,yes,no,ok,0,no,ok,0,unchanged,no,ok,0,unchanged,no,ok,0,unchanged
100_0031_r23,100_0031,Agamim_100_0031,yes,no,ok,0,no,ok,0,unchanged,no,ok,0,unchanged,no,ok,0,unchanged
100_0031_r24,100_0031,Agamim_100_0031,yes,no,ok,0,no,ok,0,unchanged,no,ok,0,unchanged,yes,ok,1,corrected
100_0035_r01,100_0035,Agamim_100_0035,no,yes,ok,0,yes,ok,0,unchanged,no,ok,1,corrected,no,ok,1,corrected
100_0035_r02,100_0035,Agamim_100_0035,no,no,ok,1,no,ok,1,unchanged,no,ok,1,unchanged,no,ok,1,unchanged
100_0035_r03,100_0035,Agamim_100_0035,yes,yes,ok,1,yes,ok,1,unchanged,yes,ok,1,unchanged,yes,ok,1,unchanged
100_0035_r04,100_0035,Agamim_100_0035,yes,yes,ok,1,yes,ok,1,unchanged,yes,ok,1,unchanged,yes,ok,1,unchanged
100_0035_r05,100_0035,Agamim_100_0035,yes,yes,ok,1,yes,ok,1,unchanged,yes,ok,1,unchanged,yes,ok,1,unchanged
100_0035_r06,100_0035,Agamim_100_0035,yes,no,ok,0,no,ok,0,unchanged,yes,ok,1,corrected,no,ok,0,unchanged
100_0035_r07,100_0035,Agamim_100_0035,no,no,ok,1,no,ok,1,unchanged,no,ok,1,unchanged,no,ok,1,unchanged
100_0035_r08,100_0035,Agamim_100_0035,no,yes,ok,0,yes,ok,0,unchanged,no,ok,1,corrected,no,ok,1,corrected
100_0035_r09,100_0035,Agamim_100_0035,no,no,ok,1,no,ok,1,unchanged,no,ok,1,unchanged,no,ok,1,unchanged
100_0035_r10,100_0035,Agamim_100_0035,no,yes,ok,0,yes,ok,0,unchanged,no,ok,1,corrected,no,ok,1,corrected
100_0035_r11,100_0035,Agamim_100_0035,no,no,ok,1,no,ok,1,unchanged,no,ok,1,unchanged,no,ok,1,unchanged
100_0035_r13,100_0035,Agamim_100_0035,no,yes,ok,0,yes,ok,0,unchanged,no,ok,1,corrected,no,ok,1,corrected
100_0035_r14,100_0035,Agamim_100_0035,no,yes,ok,0,yes,ok,0,unchanged,no,ok,1,corrected,no,ok,1,corrected
100_0035_r15,100_0035,Agamim_100_0035,no,no,ok,1,no,ok,1,unchanged,no,ok,1,unchanged,no,ok,1,unchanged
100_0035_r16,100_0035,Agamim_100_0035,yes,no,ok,0,no,ok,0,unchanged,yes,ok,1,corrected,yes,ok,1,corrected
100_0035_r17,100_0035,Agamim_100_0035,yes,no,ok,0,no,ok,0,unchanged,yes,ok,1,corrected,yes,ok,1,corrected
100_0035_r18,100_0035,Agamim_100_0035,yes,no,ok,0,no,ok,0,unchanged,yes,ok,1,corrected,no,ok,0,unchanged
100_0035_r19,100_0035,Agamim_100_0035,no,no,ok,1,no,ok,1,unchanged,no,ok,1,unchanged,no,ok,1,unchanged
100_0035_r20,100_0035,Agamim_100_0035,no,no,ok,1,no,ok,1,unchanged,no,ok,1,unchanged,no,ok,1,unchanged
100_0035_r21,100_0035,Agamim_100_0035,no,no,ok,1,no,ok,1,unchanged,no,ok,1,unchanged,no,ok,1,unchanged
100_0035_r22,100_0035,Agamim_100_0035,yes,no,ok,0,no,ok,0,unchanged,no,ok,0,unchanged,no,ok,0,unchanged
100_0035_r23,100_0035,Agamim_100_0035,yes,no,ok,0,no,ok,0,unchanged,no,ok,0,unchanged,no,ok,0,unchanged
100_0035_r24,100_0035,Agamim_100_0035,yes,no,ok,0,no,ok,0,unchanged,yes,ok,1,corrected,yes,ok,1,corrected
100_0036_r01,100_0036,Agamim_100_0036,yes,yes,ok,1,yes,ok,1,unchanged,yes,ok,1,unchanged,yes,ok,1,unchanged
100_0036_r02,100_0036,Agamim_100_0036,yes,yes,ok,1,yes,ok,1,unchanged,yes,ok,1,unchanged,yes,ok,1,unchanged
100_0036_r03,100_0036,Agamim_100_0036,yes,yes,ok,1,yes,ok,1,unchanged,no,ok,0,harmed,no,ok,0,harmed
100_0036_r04,100_0036,Agamim_100_0036,yes,yes,ok,1,yes,ok,1,unchanged,yes,ok,1,unchanged,yes,ok,1,unchanged
100_0036_r05,100_0036,Agamim_100_0036,yes,yes,ok,1,yes,ok,1,unchanged,yes,ok,1,unchanged,yes,ok,1,unchanged
100_0036_r07,100_0036,Agamim_100_0036,no,yes,ok,0,yes,ok,0,unchanged,no,ok,1,corrected,no,ok,1,corrected
100_0036_r08,100_0036,Agamim_100_0036,no,no,ok,1,no,ok,1,unchanged,no,ok,1,unchanged,no,ok,1,unchanged
100_0036_r10,100_0036,Agamim_100_0036,yes,yes,ok,1,yes,ok,1,unchanged,no,ok,0,harmed,no,ok,0,harmed
100_0036_r11,100_0036,Agamim_100_0036,yes,yes,ok,1,yes,ok,1,unchanged,yes,ok,1,unchanged,yes,ok,1,unchanged
100_0036_r12,100_0036,Agamim_100_0036,yes,yes,ok,1,yes,ok,1,unchanged,yes,ok,1,unchanged,yes,ok,1,unchanged
100_0036_r13,100_0036,Agamim_100_0036,no,yes,ok,0,yes,ok,0,unchanged,no,ok,1,corrected,no,ok,1,corrected
100_0036_r14,100_0036,Agamim_100_0036,no,yes,ok,0,yes,ok,0,unchanged,no,ok,1,corrected,no,ok,1,corrected
100_0036_r15,100_0036,Agamim_100_0036,no,no,ok,1,no,ok,1,unchanged,no,ok,1,unchanged,no,ok,1,unchanged
100_0036_r16,100_0036,Agamim_100_0036,no,yes,ok,0,yes,ok,0,unchanged,no,ok,1,corrected,no,ok,1,corrected
100_0036_r17,100_0036,Agamim_100_0036,no,yes,ok,0,yes,ok,0,unchanged,no,ok,1,corrected,no,ok,1,corrected
100_0036_r18,100_0036,Agamim_100_0036,yes,yes,ok,1,yes,ok,1,unchanged,yes,ok,1,unchanged,no,ok,0,harmed
100_0036_r19,100_0036,Agamim_100_0036,no,yes,ok,0,yes,ok,0,unchanged,no,ok,1,corrected,no,ok,1,corrected
100_0036_r21,100_0036,Agamim_100_0036,yes,yes,ok,1,yes,ok,1,unchanged,yes,ok,1,unchanged,yes,ok,1,unchanged
100_0036_r22,100_0036,Agamim_100_0036,yes,yes,ok,1,yes,ok,1,unchanged,yes,ok,1,unchanged,yes,ok,1,unchanged
100_0036_r23,100_0036,Agamim_100_0036,yes,yes,ok,1,yes,ok,1,unchanged,yes,ok,1,unchanged,yes,ok,1,unchanged
100_0036_r24,100_0036,Agamim_100_0036,no,yes,ok,0,yes,ok,0,unchanged,no,ok,1,corrected,no,ok,1,corrected
100_0037_r01,100_0037,Agamim_100_0037,yes,yes,ok,1,yes,ok,1,unchanged,yes,ok,1,unchanged,yes,ok,1,unchanged
100_0037_r02,100_0037,Agamim_100_0037,yes,no,ok,0,no,ok,0,unchanged,yes,ok,1,corrected,yes,ok,1,corrected
100_0037_r03,100_0037,Agamim_100_0037,no,no,ok,1,no,ok,1,unchanged,no,ok,1,unchanged,no,ok,1,unchanged
100_0037_r04,100_0037,Agamim_100_0037,yes,yes,ok,1,yes,ok,1,unchanged,yes,ok,1,unchanged,yes,ok,1,unchanged
100_0037_r06,100_0037,Agamim_100_0037,no,no,ok,1,no,ok,1,unchanged,no,ok,1,unchanged,no,ok,1,unchanged
100_0037_r07,100_0037,Agamim_100_0037,no,yes,ok,0,yes,ok,0,unchanged,no,ok,1,corrected,no,ok,1,corrected
100_0037_r08,100_0037,Agamim_100_0037,no,no,ok,1,no,ok,1,unchanged,no,ok,1,unchanged,no,ok,1,unchanged
100_0037_r09,100_0037,Agamim_100_0037,no,no,ok,1,no,ok,1,unchanged,no,ok,1,unchanged,no,ok,1,unchanged
100_0037_r10,100_0037,Agamim_100_0037,yes,no,ok,0,no,ok,0,unchanged,no,ok,0,unchanged,no,ok,0,unchanged
100_0037_r11,100_0037,Agamim_100_0037,yes,no,ok,0,no,ok,0,unchanged,no,ok,0,unchanged,no,ok,0,unchanged
100_0037_r12,100_0037,Agamim_100_0037,no,no,ok,1,no,ok,1,unchanged,no,ok,1,unchanged,no,ok,1,unchanged
100_0037_r13,100_0037,Agamim_100_0037,no,yes,ok,0,yes,ok,0,unchanged,no,ok,1,corrected,no,ok,1,corrected
100_0037_r14,100_0037,Agamim_100_0037,no,yes,ok,0,yes,ok,0,unchanged,no,ok,1,corrected,no,ok,1,corrected
100_0037_r15,100_0037,Agamim_100_0037,no,no,ok,1,no,ok,1,unchanged,no,ok,1,unchanged,no,ok,1,unchanged
100_0037_r16,100_0037,Agamim_100_0037,no,no,ok,1,no,ok,1,unchanged,no,ok,1,unchanged,no,ok,1,unchanged
100_0037_r18,100_0037,Agamim_100_0037,yes,yes,ok,1,yes,ok,1,unchanged,yes,ok,1,unchanged,yes,ok,1,unchanged
100_0037_r21,100_0037,Agamim_100_0037,no,no,ok,1,no,ok,1,unchanged,uncertain,ok,0,harmed,no,ok,1,unchanged
100_0037_r22,100_0037,Agamim_100_0037,no,yes,ok,0,yes,ok,0,unchanged,no,ok,1,corrected,no,ok,1,corrected
100_0037_r23,100_0037,Agamim_100_0037,yes,yes,ok,1,yes,ok,1,unchanged,yes,ok,1,unchanged,yes,ok,1,unchanged
100_0037_r24,100_0037,Agamim_100_0037,yes,yes,ok,1,yes,ok,1,unchanged,yes,ok,1,unchanged,yes,ok,1,unchanged
100_0038_r01,100_0038,Agamim_100_0038,no,no,ok,1,no,ok,1,unchanged,no,ok,1,unchanged,no,ok,1,unchanged
100_0038_r02,100_0038,Agamim_100_0038,yes,yes,ok,1,yes,ok,1,unchanged,yes,ok,1,unchanged,yes,ok,1,unchanged
100_0038_r03,100_0038,Agamim_100_0038,yes,yes,ok,1,yes,ok,1,unchanged,yes,ok,1,unchanged,yes,ok,1,unchanged
100_0038_r04,100_0038,Agamim_100_0038,yes,yes,ok,1,yes,ok,1,unchanged,yes,ok,1,unchanged,yes,ok,1,unchanged
100_0038_r06,100_0038,Agamim_100_0038,yes,yes,ok,1,yes,ok,1,unchanged,yes,ok,1,unchanged,yes,ok,1,unchanged
100_0038_r09,100_0038,Agamim_100_0038,yes,yes,ok,1,yes,ok,1,unchanged,yes,ok,1,unchanged,yes,ok,1,unchanged
100_0038_r10,100_0038,Agamim_100_0038,yes,yes,ok,1,yes,ok,1,unchanged,yes,ok,1,unchanged,yes,ok,1,unchanged
100_0038_r11,100_0038,Agamim_100_0038,yes,yes,ok,1,yes,ok,1,unchanged,yes,ok,1,unchanged,yes,ok,1,unchanged
100_0038_r12,100_0038,Agamim_100_0038,yes,yes,ok,1,yes,ok,1,unchanged,yes,ok,1,unchanged,yes,ok,1,unchanged
100_0038_r13,100_0038,Agamim_100_0038,yes,yes,ok,1,yes,ok,1,unchanged,yes,ok,1,unchanged,yes,ok,1,unchanged
100_0038_r14,100_0038,Agamim_100_0038,no,yes,ok,0,yes,ok,0,unchanged,no,ok,1,corrected,no,ok,1,corrected
100_0038_r15,100_0038,Agamim_100_0038,no,yes,ok,0,yes,ok,0,unchanged,no,ok,1,corrected,no,ok,1,corrected
100_0038_r16,100_0038,Agamim_100_0038,no,yes,ok,0,yes,ok,0,unchanged,no,ok,1,corrected,no,ok,1,corrected
100_0038_r17,100_0038,Agamim_100_0038,no,yes,ok,0,yes,ok,0,unchanged,no,ok,1,corrected,no,ok,1,corrected
100_0038_r18,100_0038,Agamim_100_0038,yes,no,ok,0,no,ok,0,unchanged,yes,ok,1,corrected,yes,ok,1,corrected
100_0038_r19,100_0038,Agamim_100_0038,yes,yes,ok,1,yes,ok,1,unchanged,yes,ok,1,unchanged,yes,ok,1,unchanged
100_0038_r21,100_0038,Agamim_100_0038,no,yes,ok,0,yes,ok,0,unchanged,no,ok,1,corrected,no,ok,1,corrected
100_0038_r22,100_0038,Agamim_100_0038,no,no,ok,1,no,ok,1,unchanged,no,ok,1,unchanged,no,ok,1,unchanged
100_0038_r23,100_0038,Agamim_100_0038,no,no,ok,1,no,ok,1,unchanged,no,ok,1,unchanged,no,ok,1,unchanged
100_0038_r24,100_0038,Agamim_100_0038,yes,no,ok,0,no,ok,0,unchanged,no,ok,0,unchanged,no,ok,0,unchanged
100_0040_r01,100_0040,Agamim_100_0040,yes,yes,ok,1,yes,ok,1,unchanged,yes,ok,1,unchanged,yes,ok,1,unchanged
100_0040_r02,100_0040,Agamim_100_0040,yes,yes,ok,1,yes,ok,1,unchanged,no,ok,0,harmed,no,ok,0,harmed
100_0040_r03,100_0040,Agamim_100_0040,no,yes,ok,0,yes,ok,0,unchanged,no,ok,1,corrected,no,ok,1,corrected
100_0040_r04,100_0040,Agamim_100_0040,no,no,ok,1,no,ok,1,unchanged,no,ok,1,unchanged,no,ok,1,unchanged
100_0040_r05,100_0040,Agamim_100_0040,no,no,ok,1,no,ok,1,unchanged,no,ok,1,unchanged,no,ok,1,unchanged
100_0040_r06,100_0040,Agamim_100_0040,no,no,ok,1,no,ok,1,unchanged,no,ok,1,unchanged,no,ok,1,unchanged
100_0040_r07,100_0040,Agamim_100_0040,no,no,ok,1,no,ok,1,unchanged,no,ok,1,unchanged,no,ok,1,unchanged
100_0040_r08,100_0040,Agamim_100_0040,yes,no,ok,0,no,ok,0,unchanged,yes,ok,1,corrected,yes,ok,1,corrected
100_0040_r09,100_0040,Agamim_100_0040,yes,yes,ok,1,yes,ok,1,unchanged,yes,ok,1,unchanged,yes,ok,1,unchanged
100_0040_r10,100_0040,Agamim_100_0040,no,yes,ok,0,yes,ok,0,unchanged,no,ok,1,corrected,no,ok,1,corrected
100_0040_r11,100_0040,Agamim_100_0040,no,yes,ok,0,yes,ok,0,unchanged,no,ok,1,corrected,no,ok,1,corrected
100_0040_r12,100_0040,Agamim_100_0040,no,no,ok,1,no,ok,1,unchanged,no,ok,1,unchanged,no,ok,1,unchanged
100_0040_r13,100_0040,Agamim_100_0040,no,no,ok,1,no,ok,1,unchanged,no,ok,1,unchanged,no,ok,1,unchanged
100_0040_r14,100_0040,Agamim_100_0040,yes,no,ok,0,no,ok,0,unchanged,yes,ok,1,corrected,yes,ok,1,corrected
100_0040_r15,100_0040,Agamim_100_0040,no,yes,ok,0,yes,ok,0,unchanged,no,ok,1,corrected,no,ok,1,corrected
100_0040_r16,100_0040,Agamim_100_0040,no,yes,ok,0,yes,ok,0,unchanged,no,ok,1,corrected,no,ok,1,corrected
100_0040_r17,100_0040,Agamim_100_0040,no,no,ok,1,no,ok,1,unchanged,no,ok,1,unchanged,no,ok,1,unchanged
100_0040_r18,100_0040,Agamim_100_0040,no,no,ok,1,no,ok,1,unchanged,no,ok,1,unchanged,no,ok,1,unchanged
100_0040_r19,100_0040,Agamim_100_0040,no,yes,ok,0,yes,ok,0,unchanged,no,ok,1,corrected,no,ok,1,corrected
100_0040_r20,100_0040,Agamim_100_0040,yes,yes,ok,1,yes,ok,1,unchanged,yes,ok,1,unchanged,yes,ok,1,unchanged
100_0040_r21,100_0040,Agamim_100_0040,no,yes,ok,0,yes,ok,0,unchanged,no,ok,1,corrected,no,ok,1,corrected
100_0040_r22,100_0040,Agamim_100_0040,no,yes,ok,0,yes,ok,0,unchanged,no,ok,1,corrected,no,ok,1,corrected
100_0040_r23,100_0040,Agamim_100_0040,no,no,ok,1,no,ok,1,unchanged,no,ok,1,unchanged,no,ok,1,unchanged
100_0040_r24,100_0040,Agamim_100_0040,yes,no,ok,0,no,ok,0,unchanged,yes,ok,1,corrected,yes,ok,1,corrected
100_0041_r01,100_0041,Agamim_100_0041,no,no,ok,1,no,ok,1,unchanged,no,ok,1,unchanged,no,ok,1,unchanged
100_0041_r02,100_0041,Agamim_100_0041,no,no,ok,1,no,ok,1,unchanged,no,ok,1,unchanged,no,ok,1,unchanged
100_0041_r03,100_0041,Agamim_100_0041,no,yes,ok,0,yes,ok,0,unchanged,no,ok,1,corrected,no,ok,1,corrected
100_0041_r04,100_0041,Agamim_100_0041,no,yes,ok,0,yes,ok,0,unchanged,no,ok,1,corrected,no,ok,1,corrected
100_0041_r05,100_0041,Agamim_100_0041,no,yes,ok,0,yes,ok,0,unchanged,no,ok,1,corrected,no,ok,1,corrected
100_0041_r06,100_0041,Agamim_100_0041,no,yes,ok,0,yes,ok,0,unchanged,no,ok,1,corrected,no,ok,1,corrected
100_0041_r08,100_0041,Agamim_100_0041,no,no,ok,1,no,ok,1,unchanged,no,ok,1,unchanged,no,ok,1,unchanged
100_0041_r09,100_0041,Agamim_100_0041,yes,no,ok,0,no,ok,0,unchanged,yes,ok,1,corrected,yes,ok,1,corrected
100_0041_r11,100_0041,Agamim_100_0041,yes,yes,ok,1,yes,ok,1,unchanged,yes,ok,1,unchanged,yes,ok,1,unchanged
100_0041_r12,100_0041,Agamim_100_0041,yes,no,ok,0,no,ok,0,unchanged,no,ok,0,unchanged,yes,ok,1,corrected
100_0041_r13,100_0041,Agamim_100_0041,no,no,ok,1,no,ok,1,unchanged,no,ok,1,unchanged,no,ok,1,unchanged
100_0041_r14,100_0041,Agamim_100_0041,no,no,ok,1,no,ok,1,unchanged,no,ok,1,unchanged,no,ok,1,unchanged
100_0041_r15,100_0041,Agamim_100_0041,no,yes,ok,0,yes,ok,0,unchanged,no,ok,1,corrected,no,ok,1,corrected
100_0041_r16,100_0041,Agamim_100_0041,yes,yes,ok,1,yes,ok,1,unchanged,no,ok,0,harmed,yes,ok,1,unchanged
100_0041_r17,100_0041,Agamim_100_0041,yes,yes,ok,1,yes,ok,1,unchanged,yes,ok,1,unchanged,yes,ok,1,unchanged
100_0041_r18,100_0041,Agamim_100_0041,yes,yes,ok,1,yes,ok,1,unchanged,yes,ok,1,unchanged,yes,ok,1,unchanged
100_0041_r19,100_0041,Agamim_100_0041,no,no,ok,1,no,ok,1,unchanged,no,ok,1,unchanged,no,ok,1,unchanged
100_0041_r20,100_0041,Agamim_100_0041,no,no,ok,1,no,ok,1,unchanged,no,ok,1,unchanged,no,ok,1,unchanged
100_0041_r21,100_0041,Agamim_100_0041,no,no,ok,1,no,ok,1,unchanged,no,ok,1,unchanged,no,ok,1,unchanged
100_0041_r22,100_0041,Agamim_100_0041,no,no,ok,1,no,ok,1,unchanged,no,ok,1,unchanged,no,ok,1,unchanged
100_0041_r23,100_0041,Agamim_100_0041,no,no,ok,1,no,ok,1,unchanged,no,ok,1,unchanged,no,ok,1,unchanged
100_0041_r24,100_0041,Agamim_100_0041,no,no,ok,1,no,ok,1,unchanged,no,ok,1,unchanged,no,ok,1,unchanged
100_0042_r01,100_0042,Agamim_100_0042,yes,yes,ok,1,yes,ok,1,unchanged,yes,ok,1,unchanged,yes,ok,1,unchanged
100_0042_r02,100_0042,Agamim_100_0042,no,yes,ok,0,yes,ok,0,unchanged,uncertain,ok,0,unchanged,yes,ok,0,unchanged
100_0042_r03,100_0042,Agamim_100_0042,no,no,ok,1,no,ok,1,unchanged,yes,ok,0,harmed,yes,ok,0,harmed
100_0042_r04,100_0042,Agamim_100_0042,no,no,ok,1,no,ok,1,unchanged,yes,ok,0,harmed,yes,ok,0,harmed
100_0042_r05,100_0042,Agamim_100_0042,no,no,ok,1,no,ok,1,unchanged,uncertain,ok,0,harmed,yes,ok,0,harmed
100_0042_r06,100_0042,Agamim_100_0042,no,no,ok,1,no,ok,1,unchanged,yes,ok,0,harmed,yes,ok,0,harmed
100_0042_r07,100_0042,Agamim_100_0042,yes,yes,ok,1,yes,ok,1,unchanged,yes,ok,1,unchanged,yes,ok,1,unchanged
100_0042_r08,100_0042,Agamim_100_0042,yes,yes,ok,1,yes,ok,1,unchanged,yes,ok,1,unchanged,yes,ok,1,unchanged
100_0042_r09,100_0042,Agamim_100_0042,yes,yes,ok,1,yes,ok,1,unchanged,yes,ok,1,unchanged,yes,ok,1,unchanged
100_0042_r10,100_0042,Agamim_100_0042,yes,yes,ok,1,yes,ok,1,unchanged,yes,ok,1,unchanged,yes,ok,1,unchanged
100_0042_r11,100_0042,Agamim_100_0042,yes,yes,ok,1,yes,ok,1,unchanged,yes,ok,1,unchanged,yes,ok,1,unchanged
100_0042_r12,100_0042,Agamim_100_0042,yes,no,ok,0,no,ok,0,unchanged,yes,ok,1,corrected,yes,ok,1,corrected
100_0042_r13,100_0042,Agamim_100_0042,yes,yes,ok,1,yes,ok,1,unchanged,yes,ok,1,unchanged,yes,ok,1,unchanged
100_0042_r14,100_0042,Agamim_100_0042,yes,no,ok,0,no,ok,0,unchanged,no,ok,0,unchanged,no,ok,0,unchanged
100_0042_r16,100_0042,Agamim_100_0042,no,yes,ok,0,yes,ok,0,unchanged,no,ok,1,corrected,no,ok,1,corrected
100_0042_r17,100_0042,Agamim_100_0042,yes,yes,ok,1,yes,ok,1,unchanged,no,ok,0,harmed,no,ok,0,harmed
100_0042_r18,100_0042,Agamim_100_0042,yes,yes,ok,1,yes,ok,1,unchanged,yes,ok,1,unchanged,yes,ok,1,unchanged
100_0042_r19,100_0042,Agamim_100_0042,yes,yes,ok,1,yes,ok,1,unchanged,yes,ok,1,unchanged,yes,ok,1,unchanged
100_0042_r20,100_0042,Agamim_100_0042,yes,yes,ok,1,yes,ok,1,unchanged,no,ok,0,harmed,no,ok,0,harmed
100_0042_r21,100_0042,Agamim_100_0042,no,no,ok,1,no,ok,1,unchanged,no,ok,1,unchanged,no,ok,1,unchanged
100_0042_r23,100_0042,Agamim_100_0042,yes,yes,ok,1,yes,ok,1,unchanged,yes,ok,1,unchanged,yes,ok,1,unchanged
100_0043_r01,100_0043,Agamim_100_0043,no,no,ok,1,no,ok,1,unchanged,uncertain,ok,0,harmed,no,ok,1,unchanged
100_0043_r02,100_0043,Agamim_100_0043,no,no,ok,1,no,ok,1,unchanged,uncertain,ok,0,harmed,uncertain,ok,0,harmed
100_0043_r03,100_0043,Agamim_100_0043,no,no,ok,1,no,ok,1,unchanged,uncertain,ok,0,harmed,no,ok,1,unchanged
100_0043_r04,100_0043,Agamim_100_0043,no,no,ok,1,no,ok,1,unchanged,uncertain,ok,0,harmed,uncertain,ok,0,harmed
100_0043_r05,100_0043,Agamim_100_0043,no,no,ok,1,no,ok,1,unchanged,uncertain,ok,0,harmed,no,ok,1,unchanged
100_0043_r06,100_0043,Agamim_100_0043,no,no,ok,1,no,ok,1,unchanged,uncertain,ok,0,harmed,no,ok,1,unchanged
100_0043_r07,100_0043,Agamim_100_0043,no,yes,ok,0,yes,ok,0,unchanged,no,ok,1,corrected,no,ok,1,corrected
100_0043_r08,100_0043,Agamim_100_0043,no,yes,ok,0,yes,ok,0,unchanged,yes,ok,0,unchanged,no,ok,1,corrected
100_0043_r11,100_0043,Agamim_100_0043,no,no,ok,1,no,ok,1,unchanged,yes,ok,0,harmed,yes,ok,0,harmed
100_0043_r13,100_0043,Agamim_100_0043,yes,yes,ok,1,yes,ok,1,unchanged,yes,ok,1,unchanged,yes,ok,1,unchanged
100_0043_r14,100_0043,Agamim_100_0043,yes,yes,ok,1,yes,ok,1,unchanged,yes,ok,1,unchanged,yes,ok,1,unchanged
100_0043_r15,100_0043,Agamim_100_0043,yes,yes,ok,1,yes,ok,1,unchanged,yes,ok,1,unchanged,yes,ok,1,unchanged
100_0043_r16,100_0043,Agamim_100_0043,yes,yes,ok,1,yes,ok,1,unchanged,yes,ok,1,unchanged,yes,ok,1,unchanged
100_0043_r17,100_0043,Agamim_100_0043,no,no,ok,1,no,ok,1,unchanged,no,ok,1,unchanged,no,ok,1,unchanged
100_0043_r18,100_0043,Agamim_100_0043,no,no,ok,1,no,ok,1,unchanged,no,ok,1,unchanged,no,ok,1,unchanged
100_0043_r19,100_0043,Agamim_100_0043,no,yes,ok,0,yes,ok,0,unchanged,no,ok,1,corrected,no,ok,1,corrected
100_0043_r20,100_0043,Agamim_100_0043,no,yes,ok,0,yes,ok,0,unchanged,no,ok,1,corrected,no,ok,1,corrected
100_0043_r21,100_0043,Agamim_100_0043,no,yes,ok,0,yes,ok,0,unchanged,no,ok,1,corrected,no,ok,1,corrected
100_0043_r22,100_0043,Agamim_100_0043,no,yes,ok,0,yes,ok,0,unchanged,no,ok,1,corrected,no,ok,1,corrected
100_0043_r23,100_0043,Agamim_100_0043,no,yes,ok,0,yes,ok,0,unchanged,no,ok,1,corrected,no,ok,1,corrected
