sequence,kind,drive_file_id,filename,bytes,sha256,count,zip_crc
100_0001,images,19cYDM69p9aJaz_DE09Dc-wAwbnFv8Cqy,images.zip,1172729809,5563e8853f46f02ca1e94831ca3520f398f7367afed5d7dd005612f45207db8f,125,pass
100_0001,annotations,1zHDhkPeqKXi1D2UJauk2nQ4oFWKlNN38,annotations.zip,30290611,6a93d81b359cc0e61bfdfa4c5e142cae5ed4ad2217498ed516e92e2242cd3878,125,pass
100_0001,pose,1U8K8JxNVXFW1wiXoPxoDtrS3IOEnsNtd,6DOF.csv,9197,2d18aa6eec07259d423160cfd68ebdf05b4c0342c7c70b1675547913b5faa143,125,n/a
100_0002,images,1es70lB8fmmGong2LObrE_xGXjQIxAnie,images.zip,1260864574,8be9fbec2d27340799922fb974b36081d47204482814d78c6fa51508781b6e7a,125,pass
100_0002,annotations,11zUQOirPmSQ0AcoOpAruoK19DTpKu4u9,annotations.zip,27530989,d16c17556c60c8077da871f8ea7c613928ec5d983839e8ce4eb22cfa5476572b,125,pass
100_0002,pose,138Z8tKtzLoauPJ2VN50yU5Nx9cJOSiyw,6DOF.csv,9241,37306f8aabe0a2ac788a2b1ccb504b5b12011420a2786cc7cbb89127e3a8b692,125,n/a
100_0003,images,11v4ETuSJ5DW0bWLk5Hz-5UIf-jNn7vZw,images.zip,938287449,c95d16ce0bb8d61ba5318273fd0e86ae62486cced6ff8ab698603223ecd6c561,100,pass
100_0003,annotations,1kEB6-uJlxu6VHbadmaEhDkGUg718uVKY,annotations.zip,19022191,a92bf53a25cfeb4615a8b311acda033aff761985901162bde53632f0a970d9a0,100,pass
100_0003,pose,1Um5X9gGnqfQiNc4wIaZQF7BJ3VgpEO08,6DOF.csv,7174,4fd42202389fbe3c45dc147cfa2a5b02f92dc7d49c55c01e83b60f97e6add3c2,100,n/a
100_0004,images,1Pc0P4CD3nHPihp3pqrPazXzgwkcCopER,images.zip,1026359631,5e961bccbc7404ce49b28fa834297962e9d3291a6fa76658c4fc62f0d21618d1,125,pass
100_0004,annotations,1Jndf4bCX1_vSUoZ8nFvEGPM4yvkd0Q_A,annotations.zip,16350514,9a9bffe7c8e43d31e65dd7e2c9cb2f747457bc70a5ff7a41c64f9eda2ca65033,125,pass
100_0004,pose,1byYAsq6qiXPaQHdio5wculYbBrj39XxV,6DOF.csv,9280,6fba80fce6f71f8d24d757260cc699301a2ea7eab88a8b522002671b69ad4543,125,n/a
100_0042,images,1utp1OtRtSSFlzTgYNMvOU21XMKMqUXyP,images.zip,1189030073,a068e099212054271b68f2a01ea43b7ba015088c8144a31b3688db19648dced3,125,pass
100_0042,annotations,1HOQXHoR2TxkmVy7mGQk1QLY8Ktc7QrsJ,annotations.zip,13966341,17c02f23b2961cdce3638f9fc4a230331c67da9bc8c46d1db0b9c9fc48f2476d,125,pass
100_0042,pose,1Mo3LaLoq6kjXnlklkZlKURlwUAnMtHNe,6DOF.csv,9182,459d14d97767572914d6e889f33deca42a518b8e4bb6d9992ed45551c6a41a33,125,n/a
100_0043,images,1SIeleAYaPhWhk2uUMILrKS2oTNP9Xq9V,images.zip,1025911265,4c97bcf67405a8daf39da8b26c7ffc404feb952118692239226baba213f108b9,125,pass
100_0043,annotations,1Mf3RzLezaw0ua7gNW3fMOAQymGVYlqoJ,annotations.zip,16490265,64f1d0db993b803503c27e269cc27d505252c5a2aa65e5a5d5b957d7b8b06a93,125,pass
100_0043,pose,1G0gDwoBO2n212NIvlmDPRWR6iw5fw2O6,6DOF.csv,9248,c32aa88cd74eecf83c6855f20beb00ce93d65f2e316a505c7d9af75643de15d2,125,n/a
