sequence_id,high_frame_id,low_frame_id,roi_id,reason,candidate_status
100_0002,HYPERLAPSE_0103,HYPERLAPSE_0023,100_0002_r01,outside_preselected_four_per_sequence,candidate_positive
100_0002,HYPERLAPSE_0103,HYPERLAPSE_0023,100_0002_r03,outside_preselected_four_per_sequence,candidate_negative
100_0002,HYPERLAPSE_0103,HYPERLAPSE_0023,100_0002_r04,outside_preselected_four_per_sequence,candidate_positive
100_0002,HYPERLAPSE_0103,HYPERLAPSE_0023,100_0002_r05,outside_preselected_four_per_sequence,candidate_positive
100_0002,HYPERLAPSE_0103,HYPERLAPSE_0023,100_0002_r06,ambiguous_or_discordant_label_fraction,review
100_0002,HYPERLAPSE_0103,HYPERLAPSE_0023,100_0002_r07,outside_preselected_four_per_sequence,candidate_positive
100_0002,HYPERLAPSE_0103,HYPERLAPSE_0023,100_0002_r08,outside_preselected_four_per_sequence,candidate_positive
100_0002,HYPERLAPSE_0103,HYPERLAPSE_0023,100_0002_r09,outside_preselected_four_per_sequence,candidate_negative
100_0002,HYPERLAPSE_0103,HYPERLAPSE_0023,100_0002_r11,outside_preselected_four_per_sequence,candidate_positive
100_0002,HYPERLAPSE_0103,HYPERLAPSE_0023,100_0002_r12,outside_preselected_four_per_sequence,candidate_positive
100_0002,HYPERLAPSE_0103,HYPERLAPSE_0023,100_0002_r14,outside_preselected_four_per_sequence,candidate_negative
100_0002,HYPERLAPSE_0103,HYPERLAPSE_0023,100_0002_r15,outside_preselected_four_per_sequence,candidate_negative
100_0002,HYPERLAPSE_0103,HYPERLAPSE_0023,100_0002_r16,ambiguous_or_discordant_label_fraction,review
100_0002,HYPERLAPSE_0103,HYPERLAPSE_0023,100_0002_r17,outside_preselected_four_per_sequence,candidate_negative
100_0002,HYPERLAPSE_0103,HYPERLAPSE_0023,100_0002_r18,outside_preselected_four_per_sequence,candidate_positive
100_0002,HYPERLAPSE_0103,HYPERLAPSE_0023,100_0002_r19,outside_preselected_four_per_sequence,candidate_negative
100_0002,HYPERLAPSE_0103,HYPERLAPSE_0023,100_0002_r21,outside_preselected_four_per_sequence,candidate_negative
100_0002,HYPERLAPSE_0103,HYPERLAPSE_0023,100_0002_r22,outside_preselected_four_per_sequence,candidate_negative
100_0002,HYPERLAPSE_0103,HYPERLAPSE_0023,100_0002_r23,outside_preselected_four_per_sequence,candidate_negative
100_0002,HYPERLAPSE_0103,HYPERLAPSE_0023,100_0002_r24,outside_preselected_four_per_sequence,candidate_negative
100_0003,HYPERLAPSE_0081,HYPERLAPSE_0011,100_0003_r02,ambiguous_or_discordant_label_fraction,review
100_0003,HYPERLAPSE_0081,HYPERLAPSE_0011,100_0003_r03,outside_preselected_four_per_sequence,candidate_negative
100_0003,HYPERLAPSE_0081,HYPERLAPSE_0011,100_0003_r04,outside_preselected_four_per_sequence,candidate_negative
100_0003,HYPERLAPSE_0081,HYPERLAPSE_0011,100_0003_r05,outside_preselected_four_per_sequence,candidate_positive
100_0003,HYPERLAPSE_0081,HYPERLAPSE_0011,100_0003_r06,outside_preselected_four_per_sequence,candidate_positive
100_0003,HYPERLAPSE_0081,HYPERLAPSE_0011,100_0003_r07,outside_preselected_four_per_sequence,candidate_positive
100_0003,HYPERLAPSE_0081,HYPERLAPSE_0011,100_0003_r08,outside_preselected_four_per_sequence,candidate_positive
100_0003,HYPERLAPSE_0081,HYPERLAPSE_0011,100_0003_r09,outside_preselected_four_per_sequence,candidate_positive
100_0003,HYPERLAPSE_0081,HYPERLAPSE_0011,100_0003_r11,outside_preselected_four_per_sequence,candidate_positive
100_0003,HYPERLAPSE_0081,HYPERLAPSE_0011,100_0003_r12,outside_preselected_four_per_sequence,candidate_positive
100_0003,HYPERLAPSE_0081,HYPERLAPSE_0011,100_0003_r13,outside_preselected_four_per_sequence,candidate_negative
100_0003,HYPERLAPSE_0081,HYPERLAPSE_0011,100_0003_r14,ambiguous_or_discordant_label_fraction,review
100_0003,HYPERLAPSE_0081,HYPERLAPSE_0011,100_0003_r15,outside_preselected_four_per_sequence,candidate_positive
100_0003,HYPERLAPSE_0081,HYPERLAPSE_0011,100_0003_r16,ambiguous_or_discordant_label_fraction,review
100_0003,HYPERLAPSE_0081,HYPERLAPSE_0011,100_0003_r17,outside_preselected_four_per_sequence,candidate_positive
100_0003,HYPERLAPSE_0081,HYPERLAPSE_0011,100_0003_r18,outside_preselected_four_per_sequence,candidate_positive
100_0003,HYPERLAPSE_0081,HYPERLAPSE_0011,100_0003_r19,outside_preselected_four_per_sequence,candidate_negative
100_0003,HYPERLAPSE_0081,HYPERLAPSE_0011,100_0003_r22,outside_preselected_four_per_sequence,candidate_positive
100_0003,HYPERLAPSE_0081,HYPERLAPSE_0011,100_0003_r23,outside_preselected_four_per_sequence,candidate_positive
100_0003,HYPERLAPSE_0081,HYPERLAPSE_0011,100_0003_r24,outside_preselected_four_per_sequence,candidate_positive
100_0042,HYPERLAPSE_0110,HYPERLAPSE_0024,100_0042_r01,outside_preselected_four_per_sequence,candidate_positive
100_0042,HYPERLAPSE_0110,HYPERLAPSE_0024,100_0042_r02,outside_preselected_four_per_sequence,candidate_negative
100_0042,HYPERLAPSE_0110,HYPERLAPSE_0024,100_0042_r03,outside_preselected_four_per_sequence,candidate_negative
100_0042,HYPERLAPSE_0110,HYPERLAPSE_0024,100_0042_r04,outside_preselected_four_per_sequence,candidate_negative
100_0042,HYPERLAPSE_0110,HYPERLAPSE_0024,100_0042_r05,outside_preselected_four_per_sequence,candidate_negative
100_0042,HYPERLAPSE_0110,HYPERLAPSE_0024,100_0042_r06,outside_preselected_four_per_sequence,candidate_negative
100_0042,HYPERLAPSE_0110,HYPERLAPSE_0024,100_0042_r08,outside_preselected_four_per_sequence,candidate_positive
100_0042,HYPERLAPSE_0110,HYPERLAPSE_0024,100_0042_r09,outside_preselected_four_per_sequence,candidate_positive
100_0042,HYPERLAPSE_0110,HYPERLAPSE_0024,100_0042_r10,outside_preselected_four_per_sequence,candidate_positive
100_0042,HYPERLAPSE_0110,HYPERLAPSE_0024,100_0042_r11,outside_preselected_four_per_sequence,candidate_positive
100_0042,HYPERLAPSE_0110,HYPERLAPSE_0024,100_0042_r12,outside_preselected_four_per_sequence,candidate_positive
100_0042,HYPERLAPSE_0110,HYPERLAPSE_0024,100_0042_r13,outside_preselected_four_per_sequence,candidate_positive
100_0042,HYPERLAPSE_0110,HYPERLAPSE_0024,100_0042_r14,outside_preselected_four_per_sequence,candidate_positive
100_0042,HYPERLAPSE_0110,HYPERLAPSE_0024,100_0042_r15,ambiguous_or_discordant_label_fraction,review
100_0042,HYPERLAPSE_0110,HYPERLAPSE_0024,100_0042_r17,outside_preselected_four_per_sequence,candidate_positive
100_0042,HYPERLAPSE_0110,HYPERLAPSE_0024,100_0042_r18,outside_preselected_four_per_sequence,candidate_positive
100_0042,HYPERLAPSE_0110,HYPERLAPSE_0024,100_0042_r19,outside_preselected_four_per_sequence,candidate_positive
100_0042,HYPERLAPSE_0110,HYPERLAPSE_0024,100_0042_r20,outside_preselected_four_per_sequence,candidate_positive
100_0042,HYPERLAPSE_0110,HYPERLAPSE_0024,100_0042_r22,ambiguous_or_discordant_label_fraction,review
100_0042,HYPERLAPSE_0110,HYPERLAPSE_0024,100_0042_r24,ambiguous_or_discordant_label_fraction,review
