sequence_id,sample_id,reason,candidate_status
100_0001,100_0001_r01,pilot_sequence_used_for_prompt_development,candidate_positive
100_0001,100_0001_r02,pilot_sequence_used_for_prompt_development,candidate_positive
100_0001,100_0001_r03,pilot_sequence_used_for_prompt_development,candidate_positive
100_0001,100_0001_r04,pilot_sequence_used_for_prompt_development,candidate_negative
100_0001,100_0001_r05,pilot_sequence_used_for_prompt_development,candidate_negative
100_0001,100_0001_r06,pilot_sequence_used_for_prompt_development,review
100_0001,100_0001_r07,pilot_sequence_used_for_prompt_development,candidate_positive
100_0001,100_0001_r08,pilot_sequence_used_for_prompt_development,candidate_positive
100_0001,100_0001_r09,pilot_sequence_used_for_prompt_development,candidate_positive
100_0001,100_0001_r10,pilot_sequence_used_for_prompt_development,candidate_negative
100_0001,100_0001_r11,pilot_sequence_used_for_prompt_development,candidate_negative
100_0001,100_0001_r12,pilot_sequence_used_for_prompt_development,review
100_0001,100_0001_r13,pilot_sequence_used_for_prompt_development,candidate_positive
100_0001,100_0001_r14,pilot_sequence_used_for_prompt_development,review
100_0001,100_0001_r15,pilot_sequence_used_for_prompt_development,candidate_positive
100_0001,100_0001_r16,pilot_sequence_used_for_prompt_development,review
100_0001,100_0001_r17,pilot_sequence_used_for_prompt_development,candidate_negative
100_0001,100_0001_r18,pilot_sequence_used_for_prompt_development,candidate_negative
100_0001,100_0001_r19,pilot_sequence_used_for_prompt_development,review
100_0001,100_0001_r20,pilot_sequence_used_for_prompt_development,review
100_0001,100_0001_r21,pilot_sequence_used_for_prompt_development,candidate_positive
100_0001,100_0001_r22,pilot_sequence_used_for_prompt_development,candidate_positive
100_0001,100_0001_r23,pilot_sequence_used_for_prompt_development,candidate_negative
100_0001,100_0001_r24,pilot_sequence_used_for_prompt_development,candidate_negative
100_0002,100_0002_r06,annotation_fractions_ambiguous_or_discordant,review
100_0002,100_0002_r16,annotation_fractions_ambiguous_or_discordant,review
100_0003,100_0003_r02,annotation_fractions_ambiguous_or_discordant,review
100_0003,100_0003_r14,annotation_fractions_ambiguous_or_discordant,review
100_0003,100_0003_r16,annotation_fractions_ambiguous_or_discordant,review
100_0004,100_0004_r19,annotation_fractions_ambiguous_or_discordant,review
100_0042,100_0042_r15,annotation_fractions_ambiguous_or_discordant,review
100_0042,100_0042_r22,annotation_fractions_ambiguous_or_discordant,review
100_0042,100_0042_r24,annotation_fractions_ambiguous_or_discordant,review
100_0043,100_0043_r09,annotation_fractions_ambiguous_or_discordant,review
100_0043,100_0043_r10,annotation_fractions_ambiguous_or_discordant,review
100_0043,100_0043_r12,annotation_fractions_ambiguous_or_discordant,review
100_0043,100_0043_r24,annotation_fractions_ambiguous_or_discordant,review
