group,altitude,kind,drive_id,path,bytes,sha256,frame_count,crc
A,100,images,1AetN_xHrhXYGKJjUL7SdXqt2Ay9GMqto,/home/lc/disasterclaw/experiments/messi_case/raw/public_paths/A/100/images.zip,108619291,738a7aad678f732f1a9be049242980388d26dd48e79945c27e88679a7b646337,13,pass
A,100,annotations,16Hn0FnsMvIN3aAea6Kb9qOlZYo87D7aN,/home/lc/disasterclaw/experiments/messi_case/raw/public_paths/A/100/annotations.zip,3239494,6617fe28eda1e961d23159eb56adc8b869d62a0a60f07878b0a1b19351c56f7e,13,pass
A,100,pose,1E3Bx5z00171brEic6UVtflosHBCmyJDi,/home/lc/disasterclaw/experiments/messi_case/raw/public_paths/A/100/6DOF.csv,948,a88c122771362c4e4a9c907bf333fe83866d5cf592f02a4bc4cde64991f1b7e0,13,n/a
A,30,images,1g2fyHmKL9k1m9U3C-O__kCahSs6pvM-M,/home/lc/disasterclaw/experiments/messi_case/raw/public_paths/A/30/images.zip,350956427,7758454b57d72b91f7eda2d8dcf1061c0799bd45069a46cfb8302f4e6dd3bb07,40,pass
A,30,annotations,1FIAU3Edm32GMGyX9M0ms9jVKXtkFy6k-,/home/lc/disasterclaw/experiments/messi_case/raw/public_paths/A/30/annotations.zip,5109607,50fdc35a55a0b818b2ec840bf72272067a436363e2ae1381e6500bbd680a37db,40,pass
A,30,pose,1Z_iaWOWXs27ITGqoYJnnlJoQKX6Zw-NA,/home/lc/disasterclaw/experiments/messi_case/raw/public_paths/A/30/6DOF.csv,2675,e2dd941b1320b51dd3d8573336b7af1ddbd256ebfbd163fcc6e2adbd72c43085,40,n/a
B,100,images,1auBkhljC7LZVIxD-dMP1kpyN6U4NG_tn,/home/lc/disasterclaw/experiments/messi_case/raw/public_paths/B/100/images.zip,146816753,bc8cce0ad09631a242a5b4e5b12ed94172cbe28a5bb66b448e62ec62f56fb40b,16,pass
B,100,annotations,1dSsnOhPmcmso_uMQyWWeN7e2hDvAThmn,/home/lc/disasterclaw/experiments/messi_case/raw/public_paths/B/100/annotations.zip,4217069,553335d37f497ab32d247d550efc1bd1c2eeeb5cdbeba9523d47f2059c6b8df3,16,pass
B,100,pose,12_O9Q0GHDwerXOWY6lHKfzJuACxAYE81,/home/lc/disasterclaw/experiments/messi_case/raw/public_paths/B/100/6DOF.csv,1156,d5a56cb75930612b92babe1d7502cad9e368ae27427257b0bfec72920c3f7574,16,n/a
B,30,images,1kENlbT9VI9s0uCrmOylwF457tQUJYYxf,/home/lc/disasterclaw/experiments/messi_case/raw/public_paths/B/30/images.zip,480379457,dfb0abf431faf5b40e7eea472b61f70a9f9aecd81851c1df5959758c7687c519,51,pass
B,30,annotations,1hpPOoEXvcg2DS17D-uNkwOZgfJcuoYK2,/home/lc/disasterclaw/experiments/messi_case/raw/public_paths/B/30/annotations.zip,6871508,81eb1ef21ae1c6e59898685f150a46a79635867fda88612ac6e8f63b1cac989f,51,pass
B,30,pose,11XO04zEY362j9qHAzGB7Pl3yP4ix8_PS,/home/lc/disasterclaw/experiments/messi_case/raw/public_paths/B/30/6DOF.csv,3450,f254d859738f2d689cd166e39e7d682a11272d11097d888166f1232611d4feeb,51,n/a
C,100,images,1l4HkzVpyAZ4ll52uApaM-MdJr6F1jOG4,/home/lc/disasterclaw/experiments/messi_case/raw/public_paths/C/100/images.zip,141259986,4ee12c985501ac0c43d517d459a5352b700fbb0072de8f340a138e0064bbc92e,15,pass
C,100,annotations,1ouGL_53rrUAFwlCBXC-fGeEAbG1mYj16,/home/lc/disasterclaw/experiments/messi_case/raw/public_paths/C/100/annotations.zip,4083300,916e2d9171a2e2d55340cb4516d82f83b5d58acb74149f5d4cf34eb35e1d182c,15,pass
C,100,pose,1x-A15RceczRGLkRvARjgDWicJ5Difsj8,/home/lc/disasterclaw/experiments/messi_case/raw/public_paths/C/100/6DOF.csv,1084,f8a37bf8f2be631895896ce8a71998e4fcefa7245229778c37f3695ce191ca6b,15,n/a
C,30,images,1cxhxP51T9MWVlWmGFkR5WO-ZFI_SUq4X,/home/lc/disasterclaw/experiments/messi_case/raw/public_paths/C/30/images.zip,457658800,b264d661aa4229f6755b7d879225c25b6561c856e65a9d380e8e15c2c1393899,45,pass
C,30,annotations,1V0dOg_wRnfsVhe0NgOzR-I99LaPd8fWo,/home/lc/disasterclaw/experiments/messi_case/raw/public_paths/C/30/annotations.zip,5173803,82be971c4001fd8be0317fc1cb37e3c784be58ee3f542693568b2a9c599f28e1,45,pass
C,30,pose,1EeepyHIXwiJDqKVaKiuLYLE8RhVqTO2y,/home/lc/disasterclaw/experiments/messi_case/raw/public_paths/C/30/6DOF.csv,3046,38ea69df0bfd0585bc872b57d8bcab042b714d9eb64062fb69cfd5cebeb6ac2b,45,n/a
